,predictedValues
0,Sem falha
1,Sem falha
2,Sem falha
3,Sem falha
4,Sem falha
5,Sem falha
6,Sem falha
7,Sem falha
8,Sem falha
9,Sem falha
10,Sem falha
11,Sem falha
12,Sem falha
13,Sem falha
14,Sem falha
15,Sem falha
16,Sem falha
17,Sem falha
18,Sem falha
19,Sem falha
20,Sem falha
21,Sem falha
22,Sem falha
23,Sem falha
24,Sem falha
25,Sem falha
26,Sem falha
27,Sem falha
28,Sem falha
29,Sem falha
30,Sem falha
31,Sem falha
32,Sem falha
33,Sem falha
34,Sem falha
35,Sem falha
36,Sem falha
37,Sem falha
38,Sem falha
39,Sem falha
40,Sem falha
41,Sem falha
42,Sem falha
43,Sem falha
44,Sem falha
45,Sem falha
46,Sem falha
47,Sem falha
48,Sem falha
49,Sem falha
50,Sem falha
51,Sem falha
52,Sem falha
53,Sem falha
54,Sem falha
55,Sem falha
56,Sem falha
57,Sem falha
58,Sem falha
59,Sem falha
60,Sem falha
61,Sem falha
62,Sem falha
63,Sem falha
64,Sem falha
65,Sem falha
66,Sem falha
67,Sem falha
68,Sem falha
69,Sem falha
70,Sem falha
71,Sem falha
72,Sem falha
73,Sem falha
74,Sem falha
75,Sem falha
76,Sem falha
77,Sem falha
78,Sem falha
79,Sem falha
80,Sem falha
81,Sem falha
82,Sem falha
83,Sem falha
84,Sem falha
85,Sem falha
86,Sem falha
87,Sem falha
88,Sem falha
89,Sem falha
90,Sem falha
91,Sem falha
92,Sem falha
93,Sem falha
94,Sem falha
95,Sem falha
96,Sem falha
97,Sem falha
98,Sem falha
99,Sem falha
100,Sem falha
101,Sem falha
102,Sem falha
103,Sem falha
104,Sem falha
105,Sem falha
106,Sem falha
107,Sem falha
108,Sem falha
109,Sem falha
110,Sem falha
111,Sem falha
112,Sem falha
113,Sem falha
114,Sem falha
115,Sem falha
116,Sem falha
117,Sem falha
118,Sem falha
119,Sem falha
120,Sem falha
121,Sem falha
122,Sem falha
123,Sem falha
124,Sem falha
125,Sem falha
126,Sem falha
127,Sem falha
128,Sem falha
129,Sem falha
130,Sem falha
131,Sem falha
132,Sem falha
133,Sem falha
134,Sem falha
135,Sem falha
136,Sem falha
137,Sem falha
138,Sem falha
139,Sem falha
140,Sem falha
141,Sem falha
142,Sem falha
143,Sem falha
144,Sem falha
145,Sem falha
146,Sem falha
147,Sem falha
148,Sem falha
149,Sem falha
150,Sem falha
151,Sem falha
152,Sem falha
153,Sem falha
154,Sem falha
155,Sem falha
156,Sem falha
157,Sem falha
158,Sem falha
159,Sem falha
160,Sem falha
161,Sem falha
162,Sem falha
163,Sem falha
164,Sem falha
165,Sem falha
166,Sem falha
167,Sem falha
168,Sem falha
169,Sem falha
170,Sem falha
171,Sem falha
172,Sem falha
173,Sem falha
174,Sem falha
175,Sem falha
176,Sem falha
177,Sem falha
178,Sem falha
179,Sem falha
180,Sem falha
181,Sem falha
182,Sem falha
183,Sem falha
184,Sem falha
185,Sem falha
186,Sem falha
187,Sem falha
188,Sem falha
189,Sem falha
190,Sem falha
191,Sem falha
192,Sem falha
193,Sem falha
194,Sem falha
195,Sem falha
196,Sem falha
197,Sem falha
198,Sem falha
199,Sem falha
200,Sem falha
201,Sem falha
202,Sem falha
203,Sem falha
204,Sem falha
205,Sem falha
206,Sem falha
207,Sem falha
208,Sem falha
209,Sem falha
210,Sem falha
211,Sem falha
212,Sem falha
213,Sem falha
214,Sem falha
215,Sem falha
216,Sem falha
217,Sem falha
218,Sem falha
219,Sem falha
220,Sem falha
221,Sem falha
222,Sem falha
223,Sem falha
224,Sem falha
225,Sem falha
226,Sem falha
227,Sem falha
228,Sem falha
229,Sem falha
230,Sem falha
231,Sem falha
232,Sem falha
233,Sem falha
234,Sem falha
235,Sem falha
236,Sem falha
237,Sem falha
238,Sem falha
239,Sem falha
240,Sem falha
241,Sem falha
242,Sem falha
243,Sem falha
244,Sem falha
245,Sem falha
246,Sem falha
247,Sem falha
248,Sem falha
249,Sem falha
250,Sem falha
251,Sem falha
252,Sem falha
253,Sem falha
254,Sem falha
255,Sem falha
256,Sem falha
257,Sem falha
258,Sem falha
259,Sem falha
260,Sem falha
261,Sem falha
262,Sem falha
263,Sem falha
264,Sem falha
265,Sem falha
266,Sem falha
267,Sem falha
268,Sem falha
269,Sem falha
270,Sem falha
271,Sem falha
272,Sem falha
273,Sem falha
274,Sem falha
275,Sem falha
276,Sem falha
277,Sem falha
278,Sem falha
279,Sem falha
280,Sem falha
281,Sem falha
282,Sem falha
283,Sem falha
284,Sem falha
285,Sem falha
286,Sem falha
287,Sem falha
288,Sem falha
289,Sem falha
290,Sem falha
291,Sem falha
292,Sem falha
293,Sem falha
294,Sem falha
295,Sem falha
296,Sem falha
297,Sem falha
298,Sem falha
299,Sem falha
300,Sem falha
301,Sem falha
302,Sem falha
303,Sem falha
304,Sem falha
305,Sem falha
306,Sem falha
307,Sem falha
308,Sem falha
309,Sem falha
310,Sem falha
311,Sem falha
312,Sem falha
313,Sem falha
314,Sem falha
315,Sem falha
316,Sem falha
317,Sem falha
318,Sem falha
319,Sem falha
320,Sem falha
321,Sem falha
322,Sem falha
323,Sem falha
324,Sem falha
325,Sem falha
326,Sem falha
327,Sem falha
328,Sem falha
329,Sem falha
330,Sem falha
331,Sem falha
332,Sem falha
333,Sem falha
334,Sem falha
335,Sem falha
336,Sem falha
337,Sem falha
338,Sem falha
339,Sem falha
340,Sem falha
341,Sem falha
342,Sem falha
343,Sem falha
344,Sem falha
345,Sem falha
346,Sem falha
347,Sem falha
348,Sem falha
349,Sem falha
350,Sem falha
351,Sem falha
352,Sem falha
353,Sem falha
354,Sem falha
355,Sem falha
356,Sem falha
357,Sem falha
358,Sem falha
359,Sem falha
360,Sem falha
361,Sem falha
362,Sem falha
363,Sem falha
364,Sem falha
365,Sem falha
366,Sem falha
367,Sem falha
368,Sem falha
369,Sem falha
370,Sem falha
371,Sem falha
372,Sem falha
373,Sem falha
374,Sem falha
375,Sem falha
376,Sem falha
377,Sem falha
378,Sem falha
379,Sem falha
380,Sem falha
381,Sem falha
382,Sem falha
383,Sem falha
384,Sem falha
385,Sem falha
386,Sem falha
387,Sem falha
388,Sem falha
389,Sem falha
390,Sem falha
391,Sem falha
392,Sem falha
393,Sem falha
394,Sem falha
395,Sem falha
396,Sem falha
397,Sem falha
398,Sem falha
399,Sem falha
400,Sem falha
401,Sem falha
402,Sem falha
403,Sem falha
404,Sem falha
405,Sem falha
406,Sem falha
407,Sem falha
408,Sem falha
409,Sem falha
410,Sem falha
411,Sem falha
412,Sem falha
413,Sem falha
414,Sem falha
415,Sem falha
416,Sem falha
417,Sem falha
418,Sem falha
419,Sem falha
420,Sem falha
421,Sem falha
422,Sem falha
423,Sem falha
424,Sem falha
425,Sem falha
426,Sem falha
427,Sem falha
428,Sem falha
429,Sem falha
430,Sem falha
431,Sem falha
432,Sem falha
433,Sem falha
434,Sem falha
435,Sem falha
436,Sem falha
437,Sem falha
438,Sem falha
439,Sem falha
440,Sem falha
441,Sem falha
442,Sem falha
443,Sem falha
444,Sem falha
445,Sem falha
446,Sem falha
447,Sem falha
448,Sem falha
449,Sem falha
450,Sem falha
451,Sem falha
452,Sem falha
453,Sem falha
454,Sem falha
455,Sem falha
456,Sem falha
457,Sem falha
458,Sem falha
459,Sem falha
460,Sem falha
461,Sem falha
462,Sem falha
463,Sem falha
464,Sem falha
465,Sem falha
466,Sem falha
467,Sem falha
468,Sem falha
469,Sem falha
470,Sem falha
471,Sem falha
472,Sem falha
473,Sem falha
474,Sem falha
475,Sem falha
476,Sem falha
477,Sem falha
478,Sem falha
479,Sem falha
480,Sem falha
481,Sem falha
482,Sem falha
483,Sem falha
484,Sem falha
485,Sem falha
486,Sem falha
487,Sem falha
488,Sem falha
489,Sem falha
490,Sem falha
491,Sem falha
492,Sem falha
493,Sem falha
494,Sem falha
495,Sem falha
496,Sem falha
497,Sem falha
498,Sem falha
499,Sem falha
500,Sem falha
501,Sem falha
502,Sem falha
503,Sem falha
504,Sem falha
505,Sem falha
506,Sem falha
507,Sem falha
508,Sem falha
509,Sem falha
510,Sem falha
511,Sem falha
512,Sem falha
513,Sem falha
514,Sem falha
515,Sem falha
516,Sem falha
517,Sem falha
518,Sem falha
519,Sem falha
520,Sem falha
521,Sem falha
522,Sem falha
523,Sem falha
524,Sem falha
525,Sem falha
526,Sem falha
527,Sem falha
528,Sem falha
529,Sem falha
530,Sem falha
531,Sem falha
532,Sem falha
533,Sem falha
534,Sem falha
535,Sem falha
536,Sem falha
537,Sem falha
538,Sem falha
539,Sem falha
540,Sem falha
541,Sem falha
542,Sem falha
543,Sem falha
544,Sem falha
545,Sem falha
546,Sem falha
547,Sem falha
548,Sem falha
549,Sem falha
550,Sem falha
551,Sem falha
552,Sem falha
553,Sem falha
554,Sem falha
555,Sem falha
556,Sem falha
557,Sem falha
558,Sem falha
559,Sem falha
560,Sem falha
561,Sem falha
562,Sem falha
563,Sem falha
564,Sem falha
565,Sem falha
566,Sem falha
567,Sem falha
568,Sem falha
569,Sem falha
570,Sem falha
571,Sem falha
572,Sem falha
573,Sem falha
574,Sem falha
575,Sem falha
576,Sem falha
577,Sem falha
578,Sem falha
579,Sem falha
580,Sem falha
581,Sem falha
582,Sem falha
583,Sem falha
584,Sem falha
585,Sem falha
586,Sem falha
587,Sem falha
588,Sem falha
589,Sem falha
590,Sem falha
591,Sem falha
592,Sem falha
593,Sem falha
594,Sem falha
595,Sem falha
596,Sem falha
597,Sem falha
598,Sem falha
599,Sem falha
600,Sem falha
601,Sem falha
602,Sem falha
603,Sem falha
604,Sem falha
605,Sem falha
606,Sem falha
607,Sem falha
608,Sem falha
609,Sem falha
610,Sem falha
611,Sem falha
612,Sem falha
613,Sem falha
614,Sem falha
615,Sem falha
616,Sem falha
617,Sem falha
618,Sem falha
619,Sem falha
620,Sem falha
621,Sem falha
622,Sem falha
623,Sem falha
624,Sem falha
625,Sem falha
626,Sem falha
627,Sem falha
628,Sem falha
629,Sem falha
630,Sem falha
631,Sem falha
632,Sem falha
633,Sem falha
634,Sem falha
635,Sem falha
636,Sem falha
637,Sem falha
638,Sem falha
639,Sem falha
640,Sem falha
641,Sem falha
642,Sem falha
643,Sem falha
644,Sem falha
645,Sem falha
646,Sem falha
647,Sem falha
648,Sem falha
649,Sem falha
650,Sem falha
651,Sem falha
652,Sem falha
653,Sem falha
654,Sem falha
655,Sem falha
656,Sem falha
657,Sem falha
658,Sem falha
659,Sem falha
660,Sem falha
661,Sem falha
662,Sem falha
663,Sem falha
664,Sem falha
665,Sem falha
666,Sem falha
667,Sem falha
668,Sem falha
669,Sem falha
670,Sem falha
671,Sem falha
672,Sem falha
673,Sem falha
674,Sem falha
675,Sem falha
676,Sem falha
677,Sem falha
678,Sem falha
679,Sem falha
680,Sem falha
681,Sem falha
682,Sem falha
683,Sem falha
684,Sem falha
685,Sem falha
686,Sem falha
687,Sem falha
688,Sem falha
689,Sem falha
690,Sem falha
691,Sem falha
692,Sem falha
693,Sem falha
694,Sem falha
695,Sem falha
696,Sem falha
697,Sem falha
698,Sem falha
699,Sem falha
700,Sem falha
701,Sem falha
702,Sem falha
703,Sem falha
704,Sem falha
705,Sem falha
706,Sem falha
707,Sem falha
708,Sem falha
709,Sem falha
710,Sem falha
711,Sem falha
712,Sem falha
713,Sem falha
714,Sem falha
715,Sem falha
716,Sem falha
717,Sem falha
718,Sem falha
719,Sem falha
720,Sem falha
721,Sem falha
722,Sem falha
723,Sem falha
724,Sem falha
725,Sem falha
726,Sem falha
727,Sem falha
728,Sem falha
729,Sem falha
730,Sem falha
731,Sem falha
732,Sem falha
733,Sem falha
734,Sem falha
735,Sem falha
736,Sem falha
737,Sem falha
738,Sem falha
739,Sem falha
740,Sem falha
741,Sem falha
742,Sem falha
743,Sem falha
744,Sem falha
745,Sem falha
746,Sem falha
747,Sem falha
748,Sem falha
749,Sem falha
750,Sem falha
751,Sem falha
752,Sem falha
753,Sem falha
754,Sem falha
755,Sem falha
756,Sem falha
757,Sem falha
758,Sem falha
759,Sem falha
760,Sem falha
761,Sem falha
762,Sem falha
763,Sem falha
764,Sem falha
765,Sem falha
766,Sem falha
767,Sem falha
768,Sem falha
769,Sem falha
770,Sem falha
771,Sem falha
772,Sem falha
773,Sem falha
774,Sem falha
775,Sem falha
776,Sem falha
777,Sem falha
778,Sem falha
779,Sem falha
780,Sem falha
781,Sem falha
782,Sem falha
783,Sem falha
784,Sem falha
785,Sem falha
786,Sem falha
787,Sem falha
788,Sem falha
789,Sem falha
790,Sem falha
791,Sem falha
792,Sem falha
793,Sem falha
794,Sem falha
795,Sem falha
796,Sem falha
797,Sem falha
798,Sem falha
799,Sem falha
800,Sem falha
801,Sem falha
802,Sem falha
803,Sem falha
804,Sem falha
805,Sem falha
806,Sem falha
807,Sem falha
808,Sem falha
809,Sem falha
810,Sem falha
811,Sem falha
812,Sem falha
813,Sem falha
814,Sem falha
815,Sem falha
816,Sem falha
817,Sem falha
818,Sem falha
819,Sem falha
820,Sem falha
821,Sem falha
822,Sem falha
823,Sem falha
824,Sem falha
825,Sem falha
826,Sem falha
827,Sem falha
828,Sem falha
829,Sem falha
830,Sem falha
831,Sem falha
832,Sem falha
833,Sem falha
834,Sem falha
835,Sem falha
836,Sem falha
837,Sem falha
838,Sem falha
839,Sem falha
840,Sem falha
841,Sem falha
842,Sem falha
843,Sem falha
844,Sem falha
845,Sem falha
846,Sem falha
847,Sem falha
848,Sem falha
849,Sem falha
850,Sem falha
851,Sem falha
852,Sem falha
853,Sem falha
854,Sem falha
855,Sem falha
856,Sem falha
857,Sem falha
858,Sem falha
859,Sem falha
860,Sem falha
861,Sem falha
862,Sem falha
863,Sem falha
864,Sem falha
865,Sem falha
866,Sem falha
867,Sem falha
868,Sem falha
869,Sem falha
870,Sem falha
871,Sem falha
872,Sem falha
873,Sem falha
874,Sem falha
875,Sem falha
876,Sem falha
877,Sem falha
878,Sem falha
879,Sem falha
880,Sem falha
881,Sem falha
882,Sem falha
883,Sem falha
884,Sem falha
885,Sem falha
886,Sem falha
887,Sem falha
888,Sem falha
889,Sem falha
890,Sem falha
891,Sem falha
892,Sem falha
893,Sem falha
894,Sem falha
895,Sem falha
896,Sem falha
897,Sem falha
898,Sem falha
899,Sem falha
900,Sem falha
901,Sem falha
902,Sem falha
903,Sem falha
904,Sem falha
905,Sem falha
906,Sem falha
907,Sem falha
908,Sem falha
909,Sem falha
910,Sem falha
911,Sem falha
912,Sem falha
913,Sem falha
914,Sem falha
915,Sem falha
916,Sem falha
917,Sem falha
918,Sem falha
919,Sem falha
920,Sem falha
921,Sem falha
922,Sem falha
923,Sem falha
924,Sem falha
925,Sem falha
926,Sem falha
927,Sem falha
928,Sem falha
929,Sem falha
930,Sem falha
931,Sem falha
932,Sem falha
933,Sem falha
934,Sem falha
935,Sem falha
936,Sem falha
937,Sem falha
938,Sem falha
939,Sem falha
940,Sem falha
941,Sem falha
942,Sem falha
943,Sem falha
944,Sem falha
945,Sem falha
946,Sem falha
947,Sem falha
948,Sem falha
949,Sem falha
950,Sem falha
951,Sem falha
952,Sem falha
953,Sem falha
954,Sem falha
955,Sem falha
956,Sem falha
957,Sem falha
958,Sem falha
959,Sem falha
960,Sem falha
961,Sem falha
962,Sem falha
963,Sem falha
964,Sem falha
965,Sem falha
966,Sem falha
967,Sem falha
968,Sem falha
969,Sem falha
970,Sem falha
971,Sem falha
972,Sem falha
973,Sem falha
974,Sem falha
975,Sem falha
976,Sem falha
977,Sem falha
978,Sem falha
979,Sem falha
980,Sem falha
981,Sem falha
982,Sem falha
983,Sem falha
984,Sem falha
985,Sem falha
986,Sem falha
987,Sem falha
988,Sem falha
989,Sem falha
990,Sem falha
991,Sem falha
992,Sem falha
993,Sem falha
994,Sem falha
995,Sem falha
996,Sem falha
997,Sem falha
998,Sem falha
999,Sem falha
1000,Sem falha
1001,Sem falha
1002,Sem falha
1003,Sem falha
1004,Sem falha
1005,Sem falha
1006,Sem falha
1007,Sem falha
1008,Sem falha
1009,Sem falha
1010,Sem falha
1011,Sem falha
1012,Sem falha
1013,Sem falha
1014,Sem falha
1015,Sem falha
1016,Sem falha
1017,Sem falha
1018,Sem falha
1019,Sem falha
1020,Sem falha
1021,Sem falha
1022,Sem falha
1023,Sem falha
1024,Sem falha
1025,Sem falha
1026,Sem falha
1027,Sem falha
1028,Sem falha
1029,Sem falha
1030,Sem falha
1031,Sem falha
1032,Sem falha
1033,Sem falha
1034,Sem falha
1035,Sem falha
1036,Sem falha
1037,Sem falha
1038,Sem falha
1039,Sem falha
1040,Sem falha
1041,Sem falha
1042,Sem falha
1043,Sem falha
1044,Sem falha
1045,Sem falha
1046,Sem falha
1047,Sem falha
1048,Sem falha
1049,Sem falha
1050,Sem falha
1051,Sem falha
1052,Sem falha
1053,Sem falha
1054,Sem falha
1055,Sem falha
1056,Sem falha
1057,Sem falha
1058,Sem falha
1059,Sem falha
1060,Sem falha
1061,Sem falha
1062,Sem falha
1063,Sem falha
1064,Sem falha
1065,Sem falha
1066,Sem falha
1067,Sem falha
1068,Sem falha
1069,Sem falha
1070,Sem falha
1071,Sem falha
1072,Sem falha
1073,Sem falha
1074,Sem falha
1075,Sem falha
1076,Sem falha
1077,Sem falha
1078,Sem falha
1079,Sem falha
1080,Sem falha
1081,Sem falha
1082,Sem falha
1083,Sem falha
1084,Sem falha
1085,Sem falha
1086,Sem falha
1087,Sem falha
1088,Sem falha
1089,Sem falha
1090,Sem falha
1091,Sem falha
1092,Sem falha
1093,Sem falha
1094,Sem falha
1095,Sem falha
1096,Sem falha
1097,Sem falha
1098,Sem falha
1099,Sem falha
1100,Sem falha
1101,Sem falha
1102,Sem falha
1103,Sem falha
1104,Sem falha
1105,Sem falha
1106,Sem falha
1107,Sem falha
1108,Sem falha
1109,Sem falha
1110,Sem falha
1111,Sem falha
1112,Sem falha
1113,Sem falha
1114,Sem falha
1115,Sem falha
1116,Sem falha
1117,Sem falha
1118,Sem falha
1119,Sem falha
1120,Sem falha
1121,Sem falha
1122,Sem falha
1123,Sem falha
1124,Sem falha
1125,Sem falha
1126,Sem falha
1127,Sem falha
1128,Sem falha
1129,Sem falha
1130,Sem falha
1131,Sem falha
1132,Sem falha
1133,Sem falha
1134,Sem falha
1135,Sem falha
1136,Sem falha
1137,Sem falha
1138,Sem falha
1139,Sem falha
1140,Sem falha
1141,Sem falha
1142,Sem falha
1143,Sem falha
1144,Sem falha
1145,Sem falha
1146,Sem falha
1147,Sem falha
1148,Sem falha
1149,Sem falha
1150,Sem falha
1151,Sem falha
1152,Sem falha
1153,Sem falha
1154,Sem falha
1155,Sem falha
1156,Sem falha
1157,Sem falha
1158,Sem falha
1159,Sem falha
1160,Sem falha
1161,Sem falha
1162,Sem falha
1163,Sem falha
1164,Sem falha
1165,Sem falha
1166,Sem falha
1167,Sem falha
1168,Sem falha
1169,Sem falha
1170,Sem falha
1171,Sem falha
1172,Sem falha
1173,Sem falha
1174,Sem falha
1175,Sem falha
1176,Sem falha
1177,Sem falha
1178,Sem falha
1179,Sem falha
1180,Sem falha
1181,Sem falha
1182,Sem falha
1183,Sem falha
1184,Sem falha
1185,Sem falha
1186,Sem falha
1187,Sem falha
1188,Sem falha
1189,Sem falha
1190,Sem falha
1191,Sem falha
1192,Sem falha
1193,Sem falha
1194,Sem falha
1195,Sem falha
1196,Sem falha
1197,Sem falha
1198,Sem falha
1199,Sem falha
1200,Sem falha
1201,Sem falha
1202,Sem falha
1203,Sem falha
1204,Sem falha
1205,Sem falha
1206,Sem falha
1207,Sem falha
1208,Sem falha
1209,Sem falha
1210,Sem falha
1211,Sem falha
1212,Sem falha
1213,Sem falha
1214,Sem falha
1215,Sem falha
1216,Sem falha
1217,Sem falha
1218,Sem falha
1219,Sem falha
1220,Sem falha
1221,Sem falha
1222,Sem falha
1223,Sem falha
1224,Sem falha
1225,Sem falha
1226,Sem falha
1227,Sem falha
1228,Sem falha
1229,Sem falha
1230,Sem falha
1231,Sem falha
1232,Sem falha
1233,Sem falha
1234,Sem falha
1235,Sem falha
1236,Sem falha
1237,Sem falha
1238,Sem falha
1239,Sem falha
1240,Sem falha
1241,Sem falha
1242,Sem falha
1243,Sem falha
1244,Sem falha
1245,Sem falha
1246,Sem falha
1247,Sem falha
1248,Sem falha
1249,Sem falha
1250,Sem falha
1251,Sem falha
1252,Sem falha
1253,Sem falha
1254,Sem falha
1255,Sem falha
1256,Sem falha
1257,Sem falha
1258,Sem falha
1259,Sem falha
1260,Sem falha
1261,Sem falha
1262,Sem falha
1263,Sem falha
1264,Sem falha
1265,Sem falha
1266,Sem falha
1267,Sem falha
1268,Sem falha
1269,Sem falha
1270,Sem falha
1271,Sem falha
1272,Sem falha
1273,Sem falha
1274,Sem falha
1275,Sem falha
1276,Sem falha
1277,Sem falha
1278,Sem falha
1279,Sem falha
1280,Sem falha
1281,Sem falha
1282,Sem falha
1283,Sem falha
1284,Sem falha
1285,Sem falha
1286,Sem falha
1287,Sem falha
1288,Sem falha
1289,Sem falha
1290,Sem falha
1291,Sem falha
1292,Sem falha
1293,Sem falha
1294,Sem falha
1295,Sem falha
1296,Sem falha
1297,Sem falha
1298,Sem falha
1299,Sem falha
1300,Sem falha
1301,Sem falha
1302,Sem falha
1303,Sem falha
1304,Sem falha
1305,Sem falha
1306,Sem falha
1307,Sem falha
1308,Sem falha
1309,Sem falha
1310,Sem falha
1311,Sem falha
1312,Sem falha
1313,Sem falha
1314,Sem falha
1315,Sem falha
1316,Sem falha
1317,Sem falha
1318,Sem falha
1319,Sem falha
1320,Sem falha
1321,Sem falha
1322,Sem falha
1323,Sem falha
1324,Sem falha
1325,Sem falha
1326,Sem falha
1327,Sem falha
1328,Sem falha
1329,Sem falha
1330,Sem falha
1331,Sem falha
1332,Sem falha
1333,Sem falha
1334,Sem falha
1335,Sem falha
1336,Sem falha
1337,Sem falha
1338,Sem falha
1339,Sem falha
1340,Sem falha
1341,Sem falha
1342,Sem falha
1343,Sem falha
1344,Sem falha
1345,Sem falha
1346,Sem falha
1347,Sem falha
1348,Sem falha
1349,Sem falha
1350,Sem falha
1351,Sem falha
1352,Sem falha
1353,Sem falha
1354,Sem falha
1355,Sem falha
1356,Sem falha
1357,Sem falha
1358,Sem falha
1359,Sem falha
1360,Sem falha
1361,Sem falha
1362,Sem falha
1363,Sem falha
1364,Sem falha
1365,Sem falha
1366,Sem falha
1367,Sem falha
1368,Sem falha
1369,Sem falha
1370,Sem falha
1371,Sem falha
1372,Sem falha
1373,Sem falha
1374,Sem falha
1375,Sem falha
1376,Sem falha
1377,Sem falha
1378,Sem falha
1379,Sem falha
1380,Sem falha
1381,Sem falha
1382,Sem falha
1383,Sem falha
1384,Sem falha
1385,Sem falha
1386,Sem falha
1387,Sem falha
1388,Sem falha
1389,Sem falha
1390,Sem falha
1391,Sem falha
1392,Sem falha
1393,Sem falha
1394,Sem falha
1395,Sem falha
1396,Sem falha
1397,Sem falha
1398,Sem falha
1399,Sem falha
1400,Sem falha
1401,Sem falha
1402,Sem falha
1403,Sem falha
1404,Sem falha
1405,Sem falha
1406,Sem falha
1407,Sem falha
1408,Sem falha
1409,Sem falha
1410,Sem falha
1411,Sem falha
1412,Sem falha
1413,Sem falha
1414,Sem falha
1415,Sem falha
1416,Sem falha
1417,Sem falha
1418,Sem falha
1419,Sem falha
1420,Sem falha
1421,Sem falha
1422,Sem falha
1423,Sem falha
1424,Sem falha
1425,Sem falha
1426,Sem falha
1427,Sem falha
1428,Sem falha
1429,Sem falha
1430,Sem falha
1431,Sem falha
1432,Sem falha
1433,Sem falha
1434,Sem falha
1435,Sem falha
1436,Sem falha
1437,Sem falha
1438,Sem falha
1439,Sem falha
1440,Sem falha
1441,Sem falha
1442,Sem falha
1443,Sem falha
1444,Sem falha
1445,Sem falha
1446,Sem falha
1447,Sem falha
1448,Sem falha
1449,Sem falha
1450,Sem falha
1451,Sem falha
1452,Sem falha
1453,Sem falha
1454,Sem falha
1455,Sem falha
1456,Sem falha
1457,Sem falha
1458,Sem falha
1459,Sem falha
1460,Sem falha
1461,Sem falha
1462,Sem falha
1463,Sem falha
1464,Sem falha
1465,Sem falha
1466,Sem falha
1467,Sem falha
1468,Sem falha
1469,Sem falha
1470,Sem falha
1471,Sem falha
1472,Sem falha
1473,Sem falha
1474,Sem falha
1475,Sem falha
1476,Sem falha
1477,Sem falha
1478,Sem falha
1479,Sem falha
1480,Sem falha
1481,Sem falha
1482,Sem falha
1483,Sem falha
1484,Sem falha
1485,Sem falha
1486,Sem falha
1487,Sem falha
1488,Sem falha
1489,Sem falha
1490,Sem falha
1491,Sem falha
1492,Sem falha
1493,Sem falha
1494,Sem falha
1495,Sem falha
1496,Sem falha
1497,Sem falha
1498,Sem falha
1499,Sem falha
1500,Sem falha
1501,Sem falha
1502,Sem falha
1503,Sem falha
1504,Sem falha
1505,Sem falha
1506,Sem falha
1507,Sem falha
1508,Sem falha
1509,Sem falha
1510,Sem falha
1511,Sem falha
1512,Sem falha
1513,Sem falha
1514,Sem falha
1515,Sem falha
1516,Sem falha
1517,Sem falha
1518,Sem falha
1519,Sem falha
1520,Sem falha
1521,Sem falha
1522,Sem falha
1523,Sem falha
1524,Sem falha
1525,Sem falha
1526,Sem falha
1527,Sem falha
1528,Sem falha
1529,Sem falha
1530,Sem falha
1531,Sem falha
1532,Sem falha
1533,Sem falha
1534,Sem falha
1535,Sem falha
1536,Sem falha
1537,Sem falha
1538,Sem falha
1539,Sem falha
1540,Sem falha
1541,Sem falha
1542,Sem falha
1543,Sem falha
1544,Sem falha
1545,Sem falha
1546,Sem falha
1547,Sem falha
1548,Sem falha
1549,Sem falha
1550,Sem falha
1551,Sem falha
1552,Sem falha
1553,Sem falha
1554,Sem falha
1555,Sem falha
1556,Sem falha
1557,Sem falha
1558,Sem falha
1559,Sem falha
1560,Sem falha
1561,Sem falha
1562,Sem falha
1563,Sem falha
1564,Sem falha
1565,Sem falha
1566,Sem falha
1567,Sem falha
1568,Sem falha
1569,Sem falha
1570,Sem falha
1571,Sem falha
1572,Sem falha
1573,Sem falha
1574,Sem falha
1575,Sem falha
1576,Sem falha
1577,Sem falha
1578,Sem falha
1579,Sem falha
1580,Sem falha
1581,Sem falha
1582,Sem falha
1583,Sem falha
1584,Sem falha
1585,Sem falha
1586,Sem falha
1587,Sem falha
1588,Sem falha
1589,Sem falha
1590,Sem falha
1591,Sem falha
1592,Sem falha
1593,Sem falha
1594,Sem falha
1595,Sem falha
1596,Sem falha
1597,Sem falha
1598,Sem falha
1599,Sem falha
1600,Sem falha
1601,Sem falha
1602,Sem falha
1603,Sem falha
1604,Sem falha
1605,Sem falha
1606,Sem falha
1607,Sem falha
1608,Sem falha
1609,Sem falha
1610,Sem falha
1611,Sem falha
1612,Sem falha
1613,Sem falha
1614,Sem falha
1615,Sem falha
1616,Sem falha
1617,Sem falha
1618,Sem falha
1619,Sem falha
1620,Sem falha
1621,Sem falha
1622,Sem falha
1623,Sem falha
1624,Sem falha
1625,Sem falha
1626,Sem falha
1627,Sem falha
1628,Sem falha
1629,Sem falha
1630,Sem falha
1631,Sem falha
1632,Sem falha
1633,Sem falha
1634,Sem falha
1635,Sem falha
1636,Sem falha
1637,Sem falha
1638,Sem falha
1639,Sem falha
1640,Sem falha
1641,Sem falha
1642,Sem falha
1643,Sem falha
1644,Sem falha
1645,Sem falha
1646,Sem falha
1647,Sem falha
1648,Sem falha
1649,Sem falha
1650,Sem falha
1651,Sem falha
1652,Sem falha
1653,Sem falha
1654,Sem falha
1655,Sem falha
1656,Sem falha
1657,Sem falha
1658,Sem falha
1659,Sem falha
1660,Sem falha
1661,Sem falha
1662,Sem falha
1663,Sem falha
1664,Sem falha
1665,Sem falha
1666,Sem falha
1667,Sem falha
1668,Sem falha
1669,Sem falha
1670,Sem falha
1671,Sem falha
1672,Sem falha
1673,Sem falha
1674,Sem falha
1675,Sem falha
1676,Sem falha
1677,Sem falha
1678,Sem falha
1679,Sem falha
1680,Sem falha
1681,Sem falha
1682,Sem falha
1683,Sem falha
1684,Sem falha
1685,Sem falha
1686,Sem falha
1687,Sem falha
1688,Sem falha
1689,Sem falha
1690,Sem falha
1691,Sem falha
1692,Sem falha
1693,Sem falha
1694,Sem falha
1695,Sem falha
1696,Sem falha
1697,Sem falha
1698,Sem falha
1699,Sem falha
1700,Sem falha
1701,Sem falha
1702,Sem falha
1703,Sem falha
1704,Sem falha
1705,Sem falha
1706,Sem falha
1707,Sem falha
1708,Sem falha
1709,Sem falha
1710,Sem falha
1711,Sem falha
1712,Sem falha
1713,Sem falha
1714,Sem falha
1715,Sem falha
1716,Sem falha
1717,Sem falha
1718,Sem falha
1719,Sem falha
1720,Sem falha
1721,Sem falha
1722,Sem falha
1723,Sem falha
1724,Sem falha
1725,Sem falha
1726,Sem falha
1727,Sem falha
1728,Sem falha
1729,Sem falha
1730,Sem falha
1731,Sem falha
1732,Sem falha
1733,Sem falha
1734,Sem falha
1735,Sem falha
1736,Sem falha
1737,Sem falha
1738,Sem falha
1739,Sem falha
1740,Sem falha
1741,Sem falha
1742,Sem falha
1743,Sem falha
1744,Sem falha
1745,Sem falha
1746,Sem falha
1747,Sem falha
1748,Sem falha
1749,Sem falha
1750,Sem falha
1751,Sem falha
1752,Sem falha
1753,Sem falha
1754,Sem falha
1755,Sem falha
1756,Sem falha
1757,Sem falha
1758,Sem falha
1759,Sem falha
1760,Sem falha
1761,Sem falha
1762,Sem falha
1763,Sem falha
1764,Sem falha
1765,Sem falha
1766,Sem falha
1767,Sem falha
1768,Sem falha
1769,Sem falha
1770,Sem falha
1771,Sem falha
1772,Sem falha
1773,Sem falha
1774,Sem falha
1775,Sem falha
1776,Sem falha
1777,Sem falha
1778,Sem falha
1779,Sem falha
1780,Sem falha
1781,Sem falha
1782,Sem falha
1783,Sem falha
1784,Sem falha
1785,Sem falha
1786,Sem falha
1787,Sem falha
1788,Sem falha
1789,Sem falha
1790,Sem falha
1791,Sem falha
1792,Sem falha
1793,Sem falha
1794,Sem falha
1795,Sem falha
1796,Sem falha
1797,Sem falha
1798,Sem falha
1799,Sem falha
1800,Sem falha
1801,Sem falha
1802,Sem falha
1803,Sem falha
1804,Sem falha
1805,Sem falha
1806,Sem falha
1807,Sem falha
1808,Sem falha
1809,Sem falha
1810,Sem falha
1811,Sem falha
1812,Sem falha
1813,Sem falha
1814,Sem falha
1815,Sem falha
1816,Sem falha
1817,Sem falha
1818,Sem falha
1819,Sem falha
1820,Sem falha
1821,Sem falha
1822,Sem falha
1823,Sem falha
1824,Sem falha
1825,Sem falha
1826,Sem falha
1827,Sem falha
1828,Sem falha
1829,Sem falha
1830,Sem falha
1831,Sem falha
1832,Sem falha
1833,Sem falha
1834,Sem falha
1835,Sem falha
1836,Sem falha
1837,Sem falha
1838,Sem falha
1839,Sem falha
1840,Sem falha
1841,Sem falha
1842,Sem falha
1843,Sem falha
1844,Sem falha
1845,Sem falha
1846,Sem falha
1847,Sem falha
1848,Sem falha
1849,Sem falha
1850,Sem falha
1851,Sem falha
1852,Sem falha
1853,Sem falha
1854,Sem falha
1855,Sem falha
1856,Sem falha
1857,Sem falha
1858,Sem falha
1859,Sem falha
1860,Sem falha
1861,Sem falha
1862,Sem falha
1863,Sem falha
1864,Sem falha
1865,Sem falha
1866,Sem falha
1867,Sem falha
1868,Sem falha
1869,Sem falha
1870,Sem falha
1871,Sem falha
1872,Sem falha
1873,Sem falha
1874,Sem falha
1875,Sem falha
1876,Sem falha
1877,Sem falha
1878,Sem falha
1879,Sem falha
1880,Sem falha
1881,Sem falha
1882,Sem falha
1883,Sem falha
1884,Sem falha
1885,Sem falha
1886,Sem falha
1887,Sem falha
1888,Sem falha
1889,Sem falha
1890,Sem falha
1891,Sem falha
1892,Sem falha
1893,Sem falha
1894,Sem falha
1895,Sem falha
1896,Sem falha
1897,Sem falha
1898,Sem falha
1899,Sem falha
1900,Sem falha
1901,Sem falha
1902,Sem falha
1903,Sem falha
1904,Sem falha
1905,Sem falha
1906,Sem falha
1907,Sem falha
1908,Sem falha
1909,Sem falha
1910,Sem falha
1911,Sem falha
1912,Sem falha
1913,Sem falha
1914,Sem falha
1915,Sem falha
1916,Sem falha
1917,Sem falha
1918,Sem falha
1919,Sem falha
1920,Sem falha
1921,Sem falha
1922,Sem falha
1923,Sem falha
1924,Sem falha
1925,Sem falha
1926,Sem falha
1927,Sem falha
1928,Sem falha
1929,Sem falha
1930,Sem falha
1931,Sem falha
1932,Sem falha
1933,Sem falha
1934,Sem falha
1935,Sem falha
1936,Sem falha
1937,Sem falha
1938,Sem falha
1939,Sem falha
1940,Sem falha
1941,Sem falha
1942,Sem falha
1943,Sem falha
1944,Sem falha
1945,Sem falha
1946,Sem falha
1947,Sem falha
1948,Sem falha
1949,Sem falha
1950,Sem falha
1951,Sem falha
1952,Sem falha
1953,Sem falha
1954,Sem falha
1955,Sem falha
1956,Sem falha
1957,Sem falha
1958,Sem falha
1959,Sem falha
1960,Sem falha
1961,Sem falha
1962,Sem falha
1963,Sem falha
1964,Sem falha
1965,Sem falha
1966,Sem falha
1967,Sem falha
1968,Sem falha
1969,Sem falha
1970,Sem falha
1971,Sem falha
1972,Sem falha
1973,Sem falha
1974,Sem falha
1975,Sem falha
1976,Sem falha
1977,Sem falha
1978,Sem falha
1979,Sem falha
1980,Sem falha
1981,Sem falha
1982,Sem falha
1983,Sem falha
1984,Sem falha
1985,Sem falha
1986,Sem falha
1987,Sem falha
1988,Sem falha
1989,Sem falha
1990,Sem falha
1991,Sem falha
1992,Sem falha
1993,Sem falha
1994,Sem falha
1995,Sem falha
1996,Sem falha
1997,Sem falha
1998,Sem falha
1999,Sem falha
2000,Sem falha
2001,Sem falha
2002,Sem falha
2003,Sem falha
2004,Sem falha
2005,Sem falha
2006,Sem falha
2007,Sem falha
2008,Sem falha
2009,Sem falha
2010,Sem falha
2011,Sem falha
2012,Sem falha
2013,Sem falha
2014,Sem falha
2015,Sem falha
2016,Sem falha
2017,Sem falha
2018,Sem falha
2019,Sem falha
2020,Sem falha
2021,Sem falha
2022,Sem falha
2023,Sem falha
2024,Sem falha
2025,Sem falha
2026,Sem falha
2027,Sem falha
2028,Sem falha
2029,Sem falha
2030,Sem falha
2031,Sem falha
2032,Sem falha
2033,Sem falha
2034,Sem falha
2035,Sem falha
2036,Sem falha
2037,Sem falha
2038,Sem falha
2039,Sem falha
2040,Sem falha
2041,Sem falha
2042,Sem falha
2043,Sem falha
2044,Sem falha
2045,Sem falha
2046,Sem falha
2047,Sem falha
2048,Sem falha
2049,Sem falha
2050,Sem falha
2051,Sem falha
2052,Sem falha
2053,Sem falha
2054,Sem falha
2055,Sem falha
2056,Sem falha
2057,Sem falha
2058,Sem falha
2059,Sem falha
2060,Sem falha
2061,Sem falha
2062,Sem falha
2063,Sem falha
2064,Sem falha
2065,Sem falha
2066,Sem falha
2067,Sem falha
2068,Sem falha
2069,Sem falha
2070,Sem falha
2071,Sem falha
2072,Sem falha
2073,Sem falha
2074,Sem falha
2075,Sem falha
2076,Sem falha
2077,Sem falha
2078,Sem falha
2079,Sem falha
2080,Sem falha
2081,Sem falha
2082,Sem falha
2083,Sem falha
2084,Sem falha
2085,Sem falha
2086,Sem falha
2087,Sem falha
2088,Sem falha
2089,Sem falha
2090,Sem falha
2091,Sem falha
2092,Sem falha
2093,Sem falha
2094,Sem falha
2095,Sem falha
2096,Sem falha
2097,Sem falha
2098,Sem falha
2099,Sem falha
2100,Sem falha
2101,Sem falha
2102,Sem falha
2103,Sem falha
2104,Sem falha
2105,Sem falha
2106,Sem falha
2107,Sem falha
2108,Sem falha
2109,Sem falha
2110,Sem falha
2111,Sem falha
2112,Sem falha
2113,Sem falha
2114,Sem falha
2115,Sem falha
2116,Sem falha
2117,Sem falha
2118,Sem falha
2119,Sem falha
2120,Sem falha
2121,Sem falha
2122,Sem falha
2123,Sem falha
2124,Sem falha
2125,Sem falha
2126,Sem falha
2127,Sem falha
2128,Sem falha
2129,Sem falha
2130,Sem falha
2131,Sem falha
2132,Sem falha
2133,Sem falha
2134,Sem falha
2135,Sem falha
2136,Sem falha
2137,Sem falha
2138,Sem falha
2139,Sem falha
2140,Sem falha
2141,Sem falha
2142,Sem falha
2143,Sem falha
2144,Sem falha
2145,Sem falha
2146,Sem falha
2147,Sem falha
2148,Sem falha
2149,Sem falha
2150,Sem falha
2151,Sem falha
2152,Sem falha
2153,Sem falha
2154,Sem falha
2155,Sem falha
2156,Sem falha
2157,Sem falha
2158,Sem falha
2159,Sem falha
2160,Sem falha
2161,Sem falha
2162,Sem falha
2163,Sem falha
2164,Sem falha
2165,Sem falha
2166,Sem falha
2167,Sem falha
2168,Sem falha
2169,Sem falha
2170,Sem falha
2171,Sem falha
2172,Sem falha
2173,Sem falha
2174,Sem falha
2175,Sem falha
2176,Sem falha
2177,Sem falha
2178,Sem falha
2179,Sem falha
2180,Sem falha
2181,Sem falha
2182,Sem falha
2183,Sem falha
2184,Sem falha
2185,Sem falha
2186,Sem falha
2187,Sem falha
2188,Sem falha
2189,Sem falha
2190,Sem falha
2191,Sem falha
2192,Sem falha
2193,Sem falha
2194,Sem falha
2195,Sem falha
2196,Sem falha
2197,Sem falha
2198,Sem falha
2199,Sem falha
2200,Sem falha
2201,Sem falha
2202,Sem falha
2203,Sem falha
2204,Sem falha
2205,Sem falha
2206,Sem falha
2207,Sem falha
2208,Sem falha
2209,Sem falha
2210,Sem falha
2211,Sem falha
2212,Sem falha
2213,Sem falha
2214,Sem falha
2215,Sem falha
2216,Sem falha
2217,Sem falha
2218,Sem falha
2219,Sem falha
2220,Sem falha
2221,Sem falha
2222,Sem falha
2223,Sem falha
2224,Sem falha
2225,Sem falha
2226,Sem falha
2227,Sem falha
2228,Sem falha
2229,Sem falha
2230,Sem falha
2231,Sem falha
2232,Sem falha
2233,Sem falha
2234,Sem falha
2235,Sem falha
2236,Sem falha
2237,Sem falha
2238,Sem falha
2239,Sem falha
2240,Sem falha
2241,Sem falha
2242,Sem falha
2243,Sem falha
2244,Sem falha
2245,Sem falha
2246,Sem falha
2247,Sem falha
2248,Sem falha
2249,Sem falha
2250,Sem falha
2251,Sem falha
2252,Sem falha
2253,Sem falha
2254,Sem falha
2255,Sem falha
2256,Sem falha
2257,Sem falha
2258,Sem falha
2259,Sem falha
2260,Sem falha
2261,Sem falha
2262,Sem falha
2263,Sem falha
2264,Sem falha
2265,Sem falha
2266,Sem falha
2267,Sem falha
2268,Sem falha
2269,Sem falha
2270,Sem falha
2271,Sem falha
2272,Sem falha
2273,Sem falha
2274,Sem falha
2275,Sem falha
2276,Sem falha
2277,Sem falha
2278,Sem falha
2279,Sem falha
2280,Sem falha
2281,Sem falha
2282,Sem falha
2283,Sem falha
2284,Sem falha
2285,Sem falha
2286,Sem falha
2287,Sem falha
2288,Sem falha
2289,Sem falha
2290,Sem falha
2291,Sem falha
2292,Sem falha
2293,Sem falha
2294,Sem falha
2295,Sem falha
2296,Sem falha
2297,Sem falha
2298,Sem falha
2299,Sem falha
2300,Sem falha
2301,Sem falha
2302,Sem falha
2303,Sem falha
2304,Sem falha
2305,Sem falha
2306,Sem falha
2307,Sem falha
2308,Sem falha
2309,Sem falha
2310,Sem falha
2311,Sem falha
2312,Sem falha
2313,Sem falha
2314,Sem falha
2315,Sem falha
2316,Sem falha
2317,Sem falha
2318,Sem falha
2319,Sem falha
2320,Sem falha
2321,Sem falha
2322,Sem falha
2323,Sem falha
2324,Sem falha
2325,Sem falha
2326,Sem falha
2327,Sem falha
2328,Sem falha
2329,Sem falha
2330,Sem falha
2331,Sem falha
2332,Sem falha
2333,Sem falha
2334,Sem falha
2335,Sem falha
2336,Sem falha
2337,Sem falha
2338,Sem falha
2339,Sem falha
2340,Sem falha
2341,Sem falha
2342,Sem falha
2343,Sem falha
2344,Sem falha
2345,Sem falha
2346,Sem falha
2347,Sem falha
2348,Sem falha
2349,Sem falha
2350,Sem falha
2351,Sem falha
2352,Sem falha
2353,Sem falha
2354,Sem falha
2355,Sem falha
2356,Sem falha
2357,Sem falha
2358,Sem falha
2359,Sem falha
2360,Sem falha
2361,Sem falha
2362,Sem falha
2363,Sem falha
2364,Sem falha
2365,Sem falha
2366,Sem falha
2367,Sem falha
2368,Sem falha
2369,Sem falha
2370,Sem falha
2371,Sem falha
2372,Sem falha
2373,Sem falha
2374,Sem falha
2375,Sem falha
2376,Sem falha
2377,Sem falha
2378,Sem falha
2379,Sem falha
2380,Sem falha
2381,Sem falha
2382,Sem falha
2383,Sem falha
2384,Sem falha
2385,Sem falha
2386,Sem falha
2387,Sem falha
2388,Sem falha
2389,Sem falha
2390,Sem falha
2391,Sem falha
2392,Sem falha
2393,Sem falha
2394,Sem falha
2395,Sem falha
2396,Sem falha
2397,Sem falha
2398,Sem falha
2399,Sem falha
2400,Sem falha
2401,Sem falha
2402,Sem falha
2403,Sem falha
2404,Sem falha
2405,Sem falha
2406,Sem falha
2407,Sem falha
2408,Sem falha
2409,Sem falha
2410,Sem falha
2411,Sem falha
2412,Sem falha
2413,Sem falha
2414,Sem falha
2415,Sem falha
2416,Sem falha
2417,Sem falha
2418,Sem falha
2419,Sem falha
2420,Sem falha
2421,Sem falha
2422,Sem falha
2423,Sem falha
2424,Sem falha
2425,Sem falha
2426,Sem falha
2427,Sem falha
2428,Sem falha
2429,Sem falha
2430,Sem falha
2431,Sem falha
2432,Sem falha
2433,Sem falha
2434,Sem falha
2435,Sem falha
2436,Sem falha
2437,Sem falha
2438,Sem falha
2439,Sem falha
2440,Sem falha
2441,Sem falha
2442,Sem falha
2443,Sem falha
2444,Sem falha
2445,Sem falha
2446,Sem falha
2447,Sem falha
2448,Sem falha
2449,Sem falha
2450,Sem falha
2451,Sem falha
2452,Sem falha
2453,Sem falha
2454,Sem falha
2455,Sem falha
2456,Sem falha
2457,Sem falha
2458,Sem falha
2459,Sem falha
2460,Sem falha
2461,Sem falha
2462,Sem falha
2463,Sem falha
2464,Sem falha
2465,Sem falha
2466,Sem falha
2467,Sem falha
2468,Sem falha
2469,Sem falha
2470,Sem falha
2471,Sem falha
2472,Sem falha
2473,Sem falha
2474,Sem falha
2475,Sem falha
2476,Sem falha
2477,Sem falha
2478,Sem falha
2479,Sem falha
2480,Sem falha
2481,Sem falha
2482,Sem falha
2483,Sem falha
2484,Sem falha
2485,Sem falha
2486,Sem falha
2487,Sem falha
2488,Sem falha
2489,Sem falha
2490,Sem falha
2491,Sem falha
2492,Sem falha
2493,Sem falha
2494,Sem falha
2495,Sem falha
2496,Sem falha
2497,Sem falha
2498,Sem falha
2499,Sem falha
2500,Sem falha
2501,Sem falha
2502,Sem falha
2503,Sem falha
2504,Sem falha
2505,Sem falha
2506,Sem falha
2507,Sem falha
2508,Sem falha
2509,Sem falha
2510,Sem falha
2511,Sem falha
2512,Sem falha
2513,Sem falha
2514,Sem falha
2515,Sem falha
2516,Sem falha
2517,Sem falha
2518,Sem falha
2519,Sem falha
2520,Sem falha
2521,Sem falha
2522,Sem falha
2523,Sem falha
2524,Sem falha
2525,Sem falha
2526,Sem falha
2527,Sem falha
2528,Sem falha
2529,Sem falha
2530,Sem falha
2531,Sem falha
2532,Sem falha
2533,Sem falha
2534,Sem falha
2535,Sem falha
2536,Sem falha
2537,Sem falha
2538,Sem falha
2539,Sem falha
2540,Sem falha
2541,Sem falha
2542,Sem falha
2543,Sem falha
2544,Sem falha
2545,Sem falha
2546,Sem falha
2547,Sem falha
2548,Sem falha
2549,Sem falha
2550,Sem falha
2551,Sem falha
2552,Sem falha
2553,Sem falha
2554,Sem falha
2555,Sem falha
2556,Sem falha
2557,Sem falha
2558,Sem falha
2559,Sem falha
2560,Sem falha
2561,Sem falha
2562,Sem falha
2563,Sem falha
2564,Sem falha
2565,Sem falha
2566,Sem falha
2567,Sem falha
2568,Sem falha
2569,Sem falha
2570,Sem falha
2571,Sem falha
2572,Sem falha
2573,Sem falha
2574,Sem falha
2575,Sem falha
2576,Sem falha
2577,Sem falha
2578,Sem falha
2579,Sem falha
2580,Sem falha
2581,Sem falha
2582,Sem falha
2583,Sem falha
2584,Sem falha
2585,Sem falha
2586,Sem falha
2587,Sem falha
2588,Sem falha
2589,Sem falha
2590,Sem falha
2591,Sem falha
2592,Sem falha
2593,Sem falha
2594,Sem falha
2595,Sem falha
2596,Sem falha
2597,Sem falha
2598,Sem falha
2599,Sem falha
2600,Sem falha
2601,Sem falha
2602,Sem falha
2603,Sem falha
2604,Sem falha
2605,Sem falha
2606,Sem falha
2607,Sem falha
2608,Sem falha
2609,Sem falha
2610,Sem falha
2611,Sem falha
2612,Sem falha
2613,Sem falha
2614,Sem falha
2615,Sem falha
2616,Sem falha
2617,Sem falha
2618,Sem falha
2619,Sem falha
2620,Sem falha
2621,Sem falha
2622,Sem falha
2623,Sem falha
2624,Sem falha
2625,Sem falha
2626,Sem falha
2627,Sem falha
2628,Sem falha
2629,Sem falha
2630,Sem falha
2631,Sem falha
2632,Sem falha
2633,Sem falha
2634,Sem falha
2635,Sem falha
2636,Sem falha
2637,Sem falha
2638,Sem falha
2639,Sem falha
2640,Sem falha
2641,Sem falha
2642,Sem falha
2643,Sem falha
2644,Sem falha
2645,Sem falha
2646,Sem falha
2647,Sem falha
2648,Sem falha
2649,Sem falha
2650,Sem falha
2651,Sem falha
2652,Sem falha
2653,Sem falha
2654,Sem falha
2655,Sem falha
2656,Sem falha
2657,Sem falha
2658,Sem falha
2659,Sem falha
2660,Sem falha
2661,Sem falha
2662,Sem falha
2663,Sem falha
2664,Sem falha
2665,Sem falha
2666,Sem falha
2667,Sem falha
2668,Sem falha
2669,Sem falha
2670,Sem falha
2671,Sem falha
2672,Sem falha
2673,Sem falha
2674,Sem falha
2675,Sem falha
2676,Sem falha
2677,Sem falha
2678,Sem falha
2679,Sem falha
2680,Sem falha
2681,Sem falha
2682,Sem falha
2683,Sem falha
2684,Sem falha
2685,Sem falha
2686,Sem falha
2687,Sem falha
2688,Sem falha
2689,Sem falha
2690,Sem falha
2691,Sem falha
2692,Sem falha
2693,Sem falha
2694,Sem falha
2695,Sem falha
2696,Sem falha
2697,Sem falha
2698,Sem falha
2699,Sem falha
2700,Sem falha
2701,Sem falha
2702,Sem falha
2703,Sem falha
2704,Sem falha
2705,Sem falha
2706,Sem falha
2707,Sem falha
2708,Sem falha
2709,Sem falha
2710,Sem falha
2711,Sem falha
2712,Sem falha
2713,Sem falha
2714,Sem falha
2715,Sem falha
2716,Sem falha
2717,Sem falha
2718,Sem falha
2719,Sem falha
2720,Sem falha
2721,Sem falha
2722,Sem falha
2723,Sem falha
2724,Sem falha
2725,Sem falha
2726,Sem falha
2727,Sem falha
2728,Sem falha
2729,Sem falha
2730,Sem falha
2731,Sem falha
2732,Sem falha
2733,Sem falha
2734,Sem falha
2735,Sem falha
2736,Sem falha
2737,Sem falha
2738,Sem falha
2739,Sem falha
2740,Sem falha
2741,Sem falha
2742,Sem falha
2743,Sem falha
2744,Sem falha
2745,Sem falha
2746,Sem falha
2747,Sem falha
2748,Sem falha
2749,Sem falha
2750,Sem falha
2751,Sem falha
2752,Sem falha
2753,Sem falha
2754,Sem falha
2755,Sem falha
2756,Sem falha
2757,Sem falha
2758,Sem falha
2759,Sem falha
2760,Sem falha
2761,Sem falha
2762,Sem falha
2763,Sem falha
2764,Sem falha
2765,Sem falha
2766,Sem falha
2767,Sem falha
2768,Sem falha
2769,Sem falha
2770,Sem falha
2771,Sem falha
2772,Sem falha
2773,Sem falha
2774,Sem falha
2775,Sem falha
2776,Sem falha
2777,Sem falha
2778,Sem falha
2779,Sem falha
2780,Sem falha
2781,Sem falha
2782,Sem falha
2783,Sem falha
2784,Sem falha
2785,Sem falha
2786,Sem falha
2787,Sem falha
2788,Sem falha
2789,Sem falha
2790,Sem falha
2791,Sem falha
2792,Sem falha
2793,Sem falha
2794,Sem falha
2795,Sem falha
2796,Sem falha
2797,Sem falha
2798,Sem falha
2799,Sem falha
2800,Sem falha
2801,Sem falha
2802,Sem falha
2803,Sem falha
2804,Sem falha
2805,Sem falha
2806,Sem falha
2807,Sem falha
2808,Sem falha
2809,Sem falha
2810,Sem falha
2811,Sem falha
2812,Sem falha
2813,Sem falha
2814,Sem falha
2815,Sem falha
2816,Sem falha
2817,Sem falha
2818,Sem falha
2819,Sem falha
2820,Sem falha
2821,Sem falha
2822,Sem falha
2823,Sem falha
2824,Sem falha
2825,Sem falha
2826,Sem falha
2827,Sem falha
2828,Sem falha
2829,Sem falha
2830,Sem falha
2831,Sem falha
2832,Sem falha
2833,Sem falha
2834,Sem falha
2835,Sem falha
2836,Sem falha
2837,Sem falha
2838,Sem falha
2839,Sem falha
2840,Sem falha
2841,Sem falha
2842,Sem falha
2843,Sem falha
2844,Sem falha
2845,Sem falha
2846,Sem falha
2847,Sem falha
2848,Sem falha
2849,Sem falha
2850,Sem falha
2851,Sem falha
2852,Sem falha
2853,Sem falha
2854,Sem falha
2855,Sem falha
2856,Sem falha
2857,Sem falha
2858,Sem falha
2859,Sem falha
2860,Sem falha
2861,Sem falha
2862,Sem falha
2863,Sem falha
2864,Sem falha
2865,Sem falha
2866,Sem falha
2867,Sem falha
2868,Sem falha
2869,Sem falha
2870,Sem falha
2871,Sem falha
2872,Sem falha
2873,Sem falha
2874,Sem falha
2875,Sem falha
2876,Sem falha
2877,Sem falha
2878,Sem falha
2879,Sem falha
2880,Sem falha
2881,Sem falha
2882,Sem falha
2883,Sem falha
2884,Sem falha
2885,Sem falha
2886,Sem falha
2887,Sem falha
2888,Sem falha
2889,Sem falha
2890,Sem falha
2891,Sem falha
2892,Sem falha
2893,Sem falha
2894,Sem falha
2895,Sem falha
2896,Sem falha
2897,Sem falha
2898,Sem falha
2899,Sem falha
2900,Sem falha
2901,Sem falha
2902,Sem falha
2903,Sem falha
2904,Sem falha
2905,Sem falha
2906,Sem falha
2907,Sem falha
2908,Sem falha
2909,Sem falha
2910,Sem falha
2911,Sem falha
2912,Sem falha
2913,Sem falha
2914,Sem falha
2915,Sem falha
2916,Sem falha
2917,Sem falha
2918,Sem falha
2919,Sem falha
2920,Sem falha
2921,Sem falha
2922,Sem falha
2923,Sem falha
2924,Sem falha
2925,Sem falha
2926,Sem falha
2927,Sem falha
2928,Sem falha
2929,Sem falha
2930,Sem falha
2931,Sem falha
2932,Sem falha
2933,Sem falha
2934,Sem falha
2935,Sem falha
2936,Sem falha
2937,Sem falha
2938,Sem falha
2939,Sem falha
2940,Sem falha
2941,Sem falha
2942,Sem falha
2943,Sem falha
2944,Sem falha
2945,Sem falha
2946,Sem falha
2947,Sem falha
2948,Sem falha
2949,Sem falha
2950,Sem falha
2951,Sem falha
2952,Sem falha
2953,Sem falha
2954,Sem falha
2955,Sem falha
2956,Sem falha
2957,Sem falha
2958,Sem falha
2959,Sem falha
2960,Sem falha
2961,Sem falha
2962,Sem falha
2963,Sem falha
2964,Sem falha
2965,Sem falha
2966,Sem falha
2967,Sem falha
2968,Sem falha
2969,Sem falha
2970,Sem falha
2971,Sem falha
2972,Sem falha
2973,Sem falha
2974,Sem falha
2975,Sem falha
2976,Sem falha
2977,Sem falha
2978,Sem falha
2979,Sem falha
2980,Sem falha
2981,Sem falha
2982,Sem falha
2983,Sem falha
2984,Sem falha
2985,Sem falha
2986,Sem falha
2987,Sem falha
2988,Sem falha
2989,Sem falha
2990,Sem falha
2991,Sem falha
2992,Sem falha
2993,Sem falha
2994,Sem falha
2995,Sem falha
2996,Sem falha
2997,Sem falha
2998,Sem falha
2999,Sem falha
3000,Sem falha
3001,Sem falha
3002,Sem falha
3003,Sem falha
3004,Sem falha
3005,Sem falha
3006,Sem falha
3007,Sem falha
3008,Sem falha
3009,Sem falha
3010,Sem falha
3011,Sem falha
3012,Sem falha
3013,Sem falha
3014,Sem falha
3015,Sem falha
3016,Sem falha
3017,Sem falha
3018,Sem falha
3019,Sem falha
3020,Sem falha
3021,Sem falha
3022,Sem falha
3023,Sem falha
3024,Sem falha
3025,Sem falha
3026,Sem falha
3027,Sem falha
3028,Sem falha
3029,Sem falha
3030,Sem falha
3031,Sem falha
3032,Sem falha
3033,Sem falha
3034,Sem falha
3035,Sem falha
3036,Sem falha
3037,Sem falha
3038,Sem falha
3039,Sem falha
3040,Sem falha
3041,Sem falha
3042,Sem falha
3043,Sem falha
3044,Sem falha
3045,Sem falha
3046,Sem falha
3047,Sem falha
3048,Sem falha
3049,Sem falha
3050,Sem falha
3051,Sem falha
3052,Sem falha
3053,Sem falha
3054,Sem falha
3055,Sem falha
3056,Sem falha
3057,Sem falha
3058,Sem falha
3059,Sem falha
3060,Sem falha
3061,Sem falha
3062,Sem falha
3063,Sem falha
3064,Sem falha
3065,Sem falha
3066,Sem falha
3067,Sem falha
3068,Sem falha
3069,Sem falha
3070,Sem falha
3071,Sem falha
3072,Sem falha
3073,Sem falha
3074,Sem falha
3075,Sem falha
3076,Sem falha
3077,Sem falha
3078,Sem falha
3079,Sem falha
3080,Sem falha
3081,Sem falha
3082,Sem falha
3083,Sem falha
3084,Sem falha
3085,Sem falha
3086,Sem falha
3087,Sem falha
3088,Sem falha
3089,Sem falha
3090,Sem falha
3091,Sem falha
3092,Sem falha
3093,Sem falha
3094,Sem falha
3095,Sem falha
3096,Sem falha
3097,Sem falha
3098,Sem falha
3099,Sem falha
3100,Sem falha
3101,Sem falha
3102,Sem falha
3103,Sem falha
3104,Sem falha
3105,Sem falha
3106,Sem falha
3107,Sem falha
3108,Sem falha
3109,Sem falha
3110,Sem falha
3111,Sem falha
3112,Sem falha
3113,Sem falha
3114,Sem falha
3115,Sem falha
3116,Sem falha
3117,Sem falha
3118,Sem falha
3119,Sem falha
3120,Sem falha
3121,Sem falha
3122,Sem falha
3123,Sem falha
3124,Sem falha
3125,Sem falha
3126,Sem falha
3127,Sem falha
3128,Sem falha
3129,Sem falha
3130,Sem falha
3131,Sem falha
3132,Sem falha
3133,Sem falha
3134,Sem falha
3135,Sem falha
3136,Sem falha
3137,Sem falha
3138,Sem falha
3139,Sem falha
3140,Sem falha
3141,Sem falha
3142,Sem falha
3143,Sem falha
3144,Sem falha
3145,Sem falha
3146,Sem falha
3147,Sem falha
3148,Sem falha
3149,Sem falha
3150,Sem falha
3151,Sem falha
3152,Sem falha
3153,Sem falha
3154,Sem falha
3155,Sem falha
3156,Sem falha
3157,Sem falha
3158,Sem falha
3159,Sem falha
3160,Sem falha
3161,Sem falha
3162,Sem falha
3163,Sem falha
3164,Sem falha
3165,Sem falha
3166,Sem falha
3167,Sem falha
3168,Sem falha
3169,Sem falha
3170,Sem falha
3171,Sem falha
3172,Sem falha
3173,Sem falha
3174,Sem falha
3175,Sem falha
3176,Sem falha
3177,Sem falha
3178,Sem falha
3179,Sem falha
3180,Sem falha
3181,Sem falha
3182,Sem falha
3183,Sem falha
3184,Sem falha
3185,Sem falha
3186,Sem falha
3187,Sem falha
3188,Sem falha
3189,Sem falha
3190,Sem falha
3191,Sem falha
3192,Sem falha
3193,Sem falha
3194,Sem falha
3195,Sem falha
3196,Sem falha
3197,Sem falha
3198,Sem falha
3199,Sem falha
3200,Sem falha
3201,Sem falha
3202,Sem falha
3203,Sem falha
3204,Sem falha
3205,Sem falha
3206,Sem falha
3207,Sem falha
3208,Sem falha
3209,Sem falha
3210,Sem falha
3211,Sem falha
3212,Sem falha
3213,Sem falha
3214,Sem falha
3215,Sem falha
3216,Sem falha
3217,Sem falha
3218,Sem falha
3219,Sem falha
3220,Sem falha
3221,Sem falha
3222,Sem falha
3223,Sem falha
3224,Sem falha
3225,Sem falha
3226,Sem falha
3227,Sem falha
3228,Sem falha
3229,Sem falha
3230,Sem falha
3231,Sem falha
3232,Sem falha
3233,Sem falha
3234,Sem falha
3235,Sem falha
3236,Sem falha
3237,Sem falha
3238,Sem falha
3239,Sem falha
3240,Sem falha
3241,Sem falha
3242,Sem falha
3243,Sem falha
3244,Sem falha
3245,Sem falha
3246,Sem falha
3247,Sem falha
3248,Sem falha
3249,Sem falha
3250,Sem falha
3251,Sem falha
3252,Sem falha
3253,Sem falha
3254,Sem falha
3255,Sem falha
3256,Sem falha
3257,Sem falha
3258,Sem falha
3259,Sem falha
3260,Sem falha
3261,Sem falha
3262,Sem falha
3263,Sem falha
3264,Sem falha
3265,Sem falha
3266,Sem falha
3267,Sem falha
3268,Sem falha
3269,Sem falha
3270,Sem falha
3271,Sem falha
3272,Sem falha
3273,Sem falha
3274,Sem falha
3275,Sem falha
3276,Sem falha
3277,Sem falha
3278,Sem falha
3279,Sem falha
3280,Sem falha
3281,Sem falha
3282,Sem falha
3283,Sem falha
3284,Sem falha
3285,Sem falha
3286,Sem falha
3287,Sem falha
3288,Sem falha
3289,Sem falha
3290,Sem falha
3291,Sem falha
3292,Sem falha
3293,Sem falha
3294,Sem falha
3295,Sem falha
3296,Sem falha
3297,Sem falha
3298,Sem falha
3299,Sem falha
3300,Sem falha
3301,Sem falha
3302,Sem falha
3303,Sem falha
3304,Sem falha
3305,Sem falha
3306,Sem falha
3307,Sem falha
3308,Sem falha
3309,Sem falha
3310,Sem falha
3311,Sem falha
3312,Sem falha
3313,Sem falha
3314,Sem falha
3315,Sem falha
3316,Sem falha
3317,Sem falha
3318,Sem falha
3319,Sem falha
3320,Sem falha
3321,Sem falha
3322,Sem falha
3323,Sem falha
3324,Sem falha
3325,Sem falha
3326,Sem falha
3327,Sem falha
3328,Sem falha
3329,Sem falha
3330,Sem falha
3331,Sem falha
3332,Sem falha
